{
	"id": "d929ddf1-d3d8-43c3-8d6d-4d13819516c3",
	"name": "local",
	"values": [
		{
			"key": "host",
			"value": "http://localhost:3500",
			"type": "default",
			"enabled": true
		},
		{
			"key": "stage",
			"value": "local",
			"type": "default",
			"enabled": true
		},
		{
			"key": "cognitoPoolClientId",
			"value": "cognito_client_id",
			"type": "default",
			"enabled": true
		},
		{
			"key": "credentialsUsername",
			"value": "from_cognito",
			"type": "default",
			"enabled": true
		},
		{
			"key": "credentialsPassword",
			"value": "from_cognito",
			"type": "default",
			"enabled": true
		},
		{
			"key": "fetchTokenOnEveryRequest",
			"value": "true",
			"type": "default",
			"enabled": true
		},
		{
			"key": "currentAccessToken",
			"value": "",
			"type": "any",
			"enabled": true
		},
		{
			"key": "entity",
			"value": "",
			"type": "any",
			"enabled": true
		},
		{
			"key": "entityIdName",
			"value": "",
			"type": "any",
			"enabled": true
		},
		{
			"key": "primaryKeyValue",
			"value": "",
			"type": "any",
			"enabled": true
		},
		{
			"key": "editEntity",
			"value": "",
			"type": "any",
			"enabled": true
		}
	],
	"_postman_variable_scope": "environment",
	"_postman_exported_at": "2022-10-10T22:18:09.516Z",
	"_postman_exported_using": "Postman/10.0.21"
}